{
    "shape": [
        891,
        9
    ],
    "columns": [
        "Pclass",
        "Sex",
        "Age",
        "SibSp",
        "Fare",
        "Parch",
        "Cabin",
        "Embarked",
        "Survived"
    ],
    "data_types": {
        "Pclass": "int64",
        "Sex": "str",
        "Age": "float64",
        "SibSp": "int64",
        "Fare": "float64",
        "Parch": "int64",
        "Cabin": "str",
        "Embarked": "str",
        "Survived": "int64"
    },
    "missing_values": {
        "Pclass": 0,
        "Sex": 0,
        "Age": 177,
        "SibSp": 0,
        "Fare": 0,
        "Parch": 0,
        "Cabin": 687,
        "Embarked": 2,
        "Survived": 0
    },
    "numerical_summary": {
        "Pclass": {
            "count": 891.0,
            "mean": 2.308641975308642,
            "std": 0.836071240977049,
            "min": 1.0,
            "25%": 2.0,
            "50%": 3.0,
            "75%": 3.0,
            "max": 3.0
        },
        "Age": {
            "count": 714.0,
            "mean": 29.69911764705882,
            "std": 14.526497332334042,
            "min": 0.42,
            "25%": 20.125,
            "50%": 28.0,
            "75%": 38.0,
            "max": 80.0
        },
        "SibSp": {
            "count": 891.0,
            "mean": 0.5230078563411896,
            "std": 1.1027434322934317,
            "min": 0.0,
            "25%": 0.0,
            "50%": 0.0,
            "75%": 1.0,
            "max": 8.0
        },
        "Fare": {
            "count": 891.0,
            "mean": 32.204207968574636,
            "std": 49.6934285971809,
            "min": 0.0,
            "25%": 7.9104,
            "50%": 14.4542,
            "75%": 31.0,
            "max": 512.3292
        },
        "Parch": {
            "count": 891.0,
            "mean": 0.38159371492704824,
            "std": 0.8060572211299483,
            "min": 0.0,
            "25%": 0.0,
            "50%": 0.0,
            "75%": 0.0,
            "max": 6.0
        },
        "Survived": {
            "count": 891.0,
            "mean": 0.3838383838383838,
            "std": 0.4865924542648575,
            "min": 0.0,
            "25%": 0.0,
            "50%": 0.0,
            "75%": 1.0,
            "max": 1.0
        }
    },
    "Whole_summary": {
        "Pclass": {
            "count": 891.0,
            "unique": NaN,
            "top": NaN,
            "freq": NaN,
            "mean": 2.308641975308642,
            "std": 0.836071240977049,
            "min": 1.0,
            "25%": 2.0,
            "50%": 3.0,
            "75%": 3.0,
            "max": 3.0
        },
        "Sex": {
            "count": 891,
            "unique": 2,
            "top": "male",
            "freq": 577,
            "mean": NaN,
            "std": NaN,
            "min": NaN,
            "25%": NaN,
            "50%": NaN,
            "75%": NaN,
            "max": NaN
        },
        "Age": {
            "count": 714.0,
            "unique": NaN,
            "top": NaN,
            "freq": NaN,
            "mean": 29.69911764705882,
            "std": 14.526497332334042,
            "min": 0.42,
            "25%": 20.125,
            "50%": 28.0,
            "75%": 38.0,
            "max": 80.0
        },
        "SibSp": {
            "count": 891.0,
            "unique": NaN,
            "top": NaN,
            "freq": NaN,
            "mean": 0.5230078563411896,
            "std": 1.1027434322934317,
            "min": 0.0,
            "25%": 0.0,
            "50%": 0.0,
            "75%": 1.0,
            "max": 8.0
        },
        "Fare": {
            "count": 891.0,
            "unique": NaN,
            "top": NaN,
            "freq": NaN,
            "mean": 32.204207968574636,
            "std": 49.6934285971809,
            "min": 0.0,
            "25%": 7.9104,
            "50%": 14.4542,
            "75%": 31.0,
            "max": 512.3292
        },
        "Parch": {
            "count": 891.0,
            "unique": NaN,
            "top": NaN,
            "freq": NaN,
            "mean": 0.38159371492704824,
            "std": 0.8060572211299483,
            "min": 0.0,
            "25%": 0.0,
            "50%": 0.0,
            "75%": 0.0,
            "max": 6.0
        },
        "Cabin": {
            "count": 204,
            "unique": 147,
            "top": "G6",
            "freq": 4,
            "mean": NaN,
            "std": NaN,
            "min": NaN,
            "25%": NaN,
            "50%": NaN,
            "75%": NaN,
            "max": NaN
        },
        "Embarked": {
            "count": 889,
            "unique": 3,
            "top": "S",
            "freq": 644,
            "mean": NaN,
            "std": NaN,
            "min": NaN,
            "25%": NaN,
            "50%": NaN,
            "75%": NaN,
            "max": NaN
        },
        "Survived": {
            "count": 891.0,
            "unique": NaN,
            "top": NaN,
            "freq": NaN,
            "mean": 0.3838383838383838,
            "std": 0.4865924542648575,
            "min": 0.0,
            "25%": 0.0,
            "50%": 0.0,
            "75%": 1.0,
            "max": 1.0
        }
    }
}